Round,Bidder_0,Bidder_1,Bidder_2,Bidder_3,Bidder_4
0,1020.8972384798719,978.4186025797037,988.2312710335976,1034.1111854008223,952.7436201948017
1,513.6960886983577,499.67813885130226,502.91631944108724,518.0566911822714,491.2053946642846
2,195.56058145908392,204.81242835814052,202.67522916888242,192.6825838197009,210.4044395215722
