Round,Bidder_0,Bidder_1,Bidder_2,Bidder_3,Bidder_4
0,912.1497037922499,967.9718229061856,985.9529594735442,1044.9962858509084,1008.1739426703248
1,477.80940225144246,496.2307015590413,502.1644766262696,521.6487743307998,509.4974010812072
2,219.245794514048,207.08773697103277,203.17144542666207,190.31180894167213,198.33171528640324
